,City Name,Weather URL
0,cabedelo,http://api.openweathermap.org/data/2.5/weather?appid=25bc90a1196e6f153eece0bc0b0fc9eb&units=imperial&q=cabedelo
1,talagang,http://api.openweathermap.org/data/2.5/weather?appid=25bc90a1196e6f153eece0bc0b0fc9eb&units=imperial&q=talagang
2,katsuura,http://api.openweathermap.org/data/2.5/weather?appid=25bc90a1196e6f153eece0bc0b0fc9eb&units=imperial&q=katsuura
3,tchollire,http://api.openweathermap.org/data/2.5/weather?appid=25bc90a1196e6f153eece0bc0b0fc9eb&units=imperial&q=tchollire
4,rikitea,http://api.openweathermap.org/data/2.5/weather?appid=25bc90a1196e6f153eece0bc0b0fc9eb&units=imperial&q=rikitea
5,torbay,http://api.openweathermap.org/data/2.5/weather?appid=25bc90a1196e6f153eece0bc0b0fc9eb&units=imperial&q=torbay
6,punta arenas,http://api.openweathermap.org/data/2.5/weather?appid=25bc90a1196e6f153eece0bc0b0fc9eb&units=imperial&q=punta arenas
7,albany,http://api.openweathermap.org/data/2.5/weather?appid=25bc90a1196e6f153eece0bc0b0fc9eb&units=imperial&q=albany
8,ushuaia,http://api.openweathermap.org/data/2.5/weather?appid=25bc90a1196e6f153eece0bc0b0fc9eb&units=imperial&q=ushuaia
9,bira,http://api.openweathermap.org/data/2.5/weather?appid=25bc90a1196e6f153eece0bc0b0fc9eb&units=imperial&q=bira
10,port alfred,http://api.openweathermap.org/data/2.5/weather?appid=25bc90a1196e6f153eece0bc0b0fc9eb&units=imperial&q=port alfred
11,mataura,http://api.openweathermap.org/data/2.5/weather?appid=25bc90a1196e6f153eece0bc0b0fc9eb&units=imperial&q=mataura
12,butaritari,http://api.openweathermap.org/data/2.5/weather?appid=25bc90a1196e6f153eece0bc0b0fc9eb&units=imperial&q=butaritari
13,minas,http://api.openweathermap.org/data/2.5/weather?appid=25bc90a1196e6f153eece0bc0b0fc9eb&units=imperial&q=minas
14,gat,http://api.openweathermap.org/data/2.5/weather?appid=25bc90a1196e6f153eece0bc0b0fc9eb&units=imperial&q=gat
15,cermik,http://api.openweathermap.org/data/2.5/weather?appid=25bc90a1196e6f153eece0bc0b0fc9eb&units=imperial&q=cermik
16,bluff,http://api.openweathermap.org/data/2.5/weather?appid=25bc90a1196e6f153eece0bc0b0fc9eb&units=imperial&q=bluff
17,puerto ayora,http://api.openweathermap.org/data/2.5/weather?appid=25bc90a1196e6f153eece0bc0b0fc9eb&units=imperial&q=puerto ayora
18,rio grande,http://api.openweathermap.org/data/2.5/weather?appid=25bc90a1196e6f153eece0bc0b0fc9eb&units=imperial&q=rio grande
19,havre-saint-pierre,http://api.openweathermap.org/data/2.5/weather?appid=25bc90a1196e6f153eece0bc0b0fc9eb&units=imperial&q=havre-saint-pierre
20,longyearbyen,http://api.openweathermap.org/data/2.5/weather?appid=25bc90a1196e6f153eece0bc0b0fc9eb&units=imperial&q=longyearbyen
21,corato,http://api.openweathermap.org/data/2.5/weather?appid=25bc90a1196e6f153eece0bc0b0fc9eb&units=imperial&q=corato
22,clyde river,http://api.openweathermap.org/data/2.5/weather?appid=25bc90a1196e6f153eece0bc0b0fc9eb&units=imperial&q=clyde river
23,tiksi,http://api.openweathermap.org/data/2.5/weather?appid=25bc90a1196e6f153eece0bc0b0fc9eb&units=imperial&q=tiksi
24,natal,http://api.openweathermap.org/data/2.5/weather?appid=25bc90a1196e6f153eece0bc0b0fc9eb&units=imperial&q=natal
25,amapa,http://api.openweathermap.org/data/2.5/weather?appid=25bc90a1196e6f153eece0bc0b0fc9eb&units=imperial&q=amapa
26,kodiak,http://api.openweathermap.org/data/2.5/weather?appid=25bc90a1196e6f153eece0bc0b0fc9eb&units=imperial&q=kodiak
27,narsaq,http://api.openweathermap.org/data/2.5/weather?appid=25bc90a1196e6f153eece0bc0b0fc9eb&units=imperial&q=narsaq
28,olinda,http://api.openweathermap.org/data/2.5/weather?appid=25bc90a1196e6f153eece0bc0b0fc9eb&units=imperial&q=olinda
29,taltal,http://api.openweathermap.org/data/2.5/weather?appid=25bc90a1196e6f153eece0bc0b0fc9eb&units=imperial&q=taltal
30,nikolskoye,http://api.openweathermap.org/data/2.5/weather?appid=25bc90a1196e6f153eece0bc0b0fc9eb&units=imperial&q=nikolskoye
31,iqaluit,http://api.openweathermap.org/data/2.5/weather?appid=25bc90a1196e6f153eece0bc0b0fc9eb&units=imperial&q=iqaluit
32,castro,http://api.openweathermap.org/data/2.5/weather?appid=25bc90a1196e6f153eece0bc0b0fc9eb&units=imperial&q=castro
33,port elizabeth,http://api.openweathermap.org/data/2.5/weather?appid=25bc90a1196e6f153eece0bc0b0fc9eb&units=imperial&q=port elizabeth
34,zhigansk,http://api.openweathermap.org/data/2.5/weather?appid=25bc90a1196e6f153eece0bc0b0fc9eb&units=imperial&q=zhigansk
35,vostok,http://api.openweathermap.org/data/2.5/weather?appid=25bc90a1196e6f153eece0bc0b0fc9eb&units=imperial&q=vostok
36,bredasdorp,http://api.openweathermap.org/data/2.5/weather?appid=25bc90a1196e6f153eece0bc0b0fc9eb&units=imperial&q=bredasdorp
37,buchanan,http://api.openweathermap.org/data/2.5/weather?appid=25bc90a1196e6f153eece0bc0b0fc9eb&units=imperial&q=buchanan
38,avarua,http://api.openweathermap.org/data/2.5/weather?appid=25bc90a1196e6f153eece0bc0b0fc9eb&units=imperial&q=avarua
39,kundiawa,http://api.openweathermap.org/data/2.5/weather?appid=25bc90a1196e6f153eece0bc0b0fc9eb&units=imperial&q=kundiawa
40,jamestown,http://api.openweathermap.org/data/2.5/weather?appid=25bc90a1196e6f153eece0bc0b0fc9eb&units=imperial&q=jamestown
41,kaitangata,http://api.openweathermap.org/data/2.5/weather?appid=25bc90a1196e6f153eece0bc0b0fc9eb&units=imperial&q=kaitangata
42,tazmalt,http://api.openweathermap.org/data/2.5/weather?appid=25bc90a1196e6f153eece0bc0b0fc9eb&units=imperial&q=tazmalt
43,along,http://api.openweathermap.org/data/2.5/weather?appid=25bc90a1196e6f153eece0bc0b0fc9eb&units=imperial&q=along
44,broome,http://api.openweathermap.org/data/2.5/weather?appid=25bc90a1196e6f153eece0bc0b0fc9eb&units=imperial&q=broome
45,klaksvik,http://api.openweathermap.org/data/2.5/weather?appid=25bc90a1196e6f153eece0bc0b0fc9eb&units=imperial&q=klaksvik
46,saint-philippe,http://api.openweathermap.org/data/2.5/weather?appid=25bc90a1196e6f153eece0bc0b0fc9eb&units=imperial&q=saint-philippe
47,mandalgovi,http://api.openweathermap.org/data/2.5/weather?appid=25bc90a1196e6f153eece0bc0b0fc9eb&units=imperial&q=mandalgovi
48,constitucion,http://api.openweathermap.org/data/2.5/weather?appid=25bc90a1196e6f153eece0bc0b0fc9eb&units=imperial&q=constitucion
49,valley city,http://api.openweathermap.org/data/2.5/weather?appid=25bc90a1196e6f153eece0bc0b0fc9eb&units=imperial&q=valley city
50,luanda,http://api.openweathermap.org/data/2.5/weather?appid=25bc90a1196e6f153eece0bc0b0fc9eb&units=imperial&q=luanda
51,neiafu,http://api.openweathermap.org/data/2.5/weather?appid=25bc90a1196e6f153eece0bc0b0fc9eb&units=imperial&q=neiafu
52,hobart,http://api.openweathermap.org/data/2.5/weather?appid=25bc90a1196e6f153eece0bc0b0fc9eb&units=imperial&q=hobart
53,palmer,http://api.openweathermap.org/data/2.5/weather?appid=25bc90a1196e6f153eece0bc0b0fc9eb&units=imperial&q=palmer
54,biak,http://api.openweathermap.org/data/2.5/weather?appid=25bc90a1196e6f153eece0bc0b0fc9eb&units=imperial&q=biak
55,qaanaaq,http://api.openweathermap.org/data/2.5/weather?appid=25bc90a1196e6f153eece0bc0b0fc9eb&units=imperial&q=qaanaaq
56,labuhan,http://api.openweathermap.org/data/2.5/weather?appid=25bc90a1196e6f153eece0bc0b0fc9eb&units=imperial&q=labuhan
57,moron,http://api.openweathermap.org/data/2.5/weather?appid=25bc90a1196e6f153eece0bc0b0fc9eb&units=imperial&q=moron
58,atuona,http://api.openweathermap.org/data/2.5/weather?appid=25bc90a1196e6f153eece0bc0b0fc9eb&units=imperial&q=atuona
59,kama,http://api.openweathermap.org/data/2.5/weather?appid=25bc90a1196e6f153eece0bc0b0fc9eb&units=imperial&q=kama
60,boyolangu,http://api.openweathermap.org/data/2.5/weather?appid=25bc90a1196e6f153eece0bc0b0fc9eb&units=imperial&q=boyolangu
61,hithadhoo,http://api.openweathermap.org/data/2.5/weather?appid=25bc90a1196e6f153eece0bc0b0fc9eb&units=imperial&q=hithadhoo
62,georgetown,http://api.openweathermap.org/data/2.5/weather?appid=25bc90a1196e6f153eece0bc0b0fc9eb&units=imperial&q=georgetown
63,norman wells,http://api.openweathermap.org/data/2.5/weather?appid=25bc90a1196e6f153eece0bc0b0fc9eb&units=imperial&q=norman wells
64,yajalon,http://api.openweathermap.org/data/2.5/weather?appid=25bc90a1196e6f153eece0bc0b0fc9eb&units=imperial&q=yajalon
65,tuatapere,http://api.openweathermap.org/data/2.5/weather?appid=25bc90a1196e6f153eece0bc0b0fc9eb&units=imperial&q=tuatapere
66,san patricio,http://api.openweathermap.org/data/2.5/weather?appid=25bc90a1196e6f153eece0bc0b0fc9eb&units=imperial&q=san patricio
67,belle fourche,http://api.openweathermap.org/data/2.5/weather?appid=25bc90a1196e6f153eece0bc0b0fc9eb&units=imperial&q=belle fourche
68,hilo,http://api.openweathermap.org/data/2.5/weather?appid=25bc90a1196e6f153eece0bc0b0fc9eb&units=imperial&q=hilo
69,svetlaya,http://api.openweathermap.org/data/2.5/weather?appid=25bc90a1196e6f153eece0bc0b0fc9eb&units=imperial&q=svetlaya
70,sandwick,http://api.openweathermap.org/data/2.5/weather?appid=25bc90a1196e6f153eece0bc0b0fc9eb&units=imperial&q=sandwick
71,kaeo,http://api.openweathermap.org/data/2.5/weather?appid=25bc90a1196e6f153eece0bc0b0fc9eb&units=imperial&q=kaeo
72,busselton,http://api.openweathermap.org/data/2.5/weather?appid=25bc90a1196e6f153eece0bc0b0fc9eb&units=imperial&q=busselton
73,chuy,http://api.openweathermap.org/data/2.5/weather?appid=25bc90a1196e6f153eece0bc0b0fc9eb&units=imperial&q=chuy
74,avera,http://api.openweathermap.org/data/2.5/weather?appid=25bc90a1196e6f153eece0bc0b0fc9eb&units=imperial&q=avera
75,numan,http://api.openweathermap.org/data/2.5/weather?appid=25bc90a1196e6f153eece0bc0b0fc9eb&units=imperial&q=numan
76,bandarbeyla,http://api.openweathermap.org/data/2.5/weather?appid=25bc90a1196e6f153eece0bc0b0fc9eb&units=imperial&q=bandarbeyla
77,cape canaveral,http://api.openweathermap.org/data/2.5/weather?appid=25bc90a1196e6f153eece0bc0b0fc9eb&units=imperial&q=cape canaveral
78,goundam,http://api.openweathermap.org/data/2.5/weather?appid=25bc90a1196e6f153eece0bc0b0fc9eb&units=imperial&q=goundam
79,khatanga,http://api.openweathermap.org/data/2.5/weather?appid=25bc90a1196e6f153eece0bc0b0fc9eb&units=imperial&q=khatanga
80,namatanai,http://api.openweathermap.org/data/2.5/weather?appid=25bc90a1196e6f153eece0bc0b0fc9eb&units=imperial&q=namatanai
81,sioux lookout,http://api.openweathermap.org/data/2.5/weather?appid=25bc90a1196e6f153eece0bc0b0fc9eb&units=imperial&q=sioux lookout
82,chapais,http://api.openweathermap.org/data/2.5/weather?appid=25bc90a1196e6f153eece0bc0b0fc9eb&units=imperial&q=chapais
83,yellowknife,http://api.openweathermap.org/data/2.5/weather?appid=25bc90a1196e6f153eece0bc0b0fc9eb&units=imperial&q=yellowknife
84,lichinga,http://api.openweathermap.org/data/2.5/weather?appid=25bc90a1196e6f153eece0bc0b0fc9eb&units=imperial&q=lichinga
85,vila franca do campo,http://api.openweathermap.org/data/2.5/weather?appid=25bc90a1196e6f153eece0bc0b0fc9eb&units=imperial&q=vila franca do campo
86,adrar,http://api.openweathermap.org/data/2.5/weather?appid=25bc90a1196e6f153eece0bc0b0fc9eb&units=imperial&q=adrar
87,sfantu gheorghe,http://api.openweathermap.org/data/2.5/weather?appid=25bc90a1196e6f153eece0bc0b0fc9eb&units=imperial&q=sfantu gheorghe
88,cape town,http://api.openweathermap.org/data/2.5/weather?appid=25bc90a1196e6f153eece0bc0b0fc9eb&units=imperial&q=cape town
89,aykhal,http://api.openweathermap.org/data/2.5/weather?appid=25bc90a1196e6f153eece0bc0b0fc9eb&units=imperial&q=aykhal
90,surt,http://api.openweathermap.org/data/2.5/weather?appid=25bc90a1196e6f153eece0bc0b0fc9eb&units=imperial&q=surt
91,tuktoyaktuk,http://api.openweathermap.org/data/2.5/weather?appid=25bc90a1196e6f153eece0bc0b0fc9eb&units=imperial&q=tuktoyaktuk
92,beidao,http://api.openweathermap.org/data/2.5/weather?appid=25bc90a1196e6f153eece0bc0b0fc9eb&units=imperial&q=beidao
93,sabzevar,http://api.openweathermap.org/data/2.5/weather?appid=25bc90a1196e6f153eece0bc0b0fc9eb&units=imperial&q=sabzevar
94,new norfolk,http://api.openweathermap.org/data/2.5/weather?appid=25bc90a1196e6f153eece0bc0b0fc9eb&units=imperial&q=new norfolk
95,young,http://api.openweathermap.org/data/2.5/weather?appid=25bc90a1196e6f153eece0bc0b0fc9eb&units=imperial&q=young
96,vaini,http://api.openweathermap.org/data/2.5/weather?appid=25bc90a1196e6f153eece0bc0b0fc9eb&units=imperial&q=vaini
97,kruisfontein,http://api.openweathermap.org/data/2.5/weather?appid=25bc90a1196e6f153eece0bc0b0fc9eb&units=imperial&q=kruisfontein
98,itarema,http://api.openweathermap.org/data/2.5/weather?appid=25bc90a1196e6f153eece0bc0b0fc9eb&units=imperial&q=itarema
99,praia da vitoria,http://api.openweathermap.org/data/2.5/weather?appid=25bc90a1196e6f153eece0bc0b0fc9eb&units=imperial&q=praia da vitoria
100,dikson,http://api.openweathermap.org/data/2.5/weather?appid=25bc90a1196e6f153eece0bc0b0fc9eb&units=imperial&q=dikson
101,stephenville,http://api.openweathermap.org/data/2.5/weather?appid=25bc90a1196e6f153eece0bc0b0fc9eb&units=imperial&q=stephenville
102,marsa matruh,http://api.openweathermap.org/data/2.5/weather?appid=25bc90a1196e6f153eece0bc0b0fc9eb&units=imperial&q=marsa matruh
103,mountain home,http://api.openweathermap.org/data/2.5/weather?appid=25bc90a1196e6f153eece0bc0b0fc9eb&units=imperial&q=mountain home
104,sao joao da barra,http://api.openweathermap.org/data/2.5/weather?appid=25bc90a1196e6f153eece0bc0b0fc9eb&units=imperial&q=sao joao da barra
105,davlekanovo,http://api.openweathermap.org/data/2.5/weather?appid=25bc90a1196e6f153eece0bc0b0fc9eb&units=imperial&q=davlekanovo
106,deputatskiy,http://api.openweathermap.org/data/2.5/weather?appid=25bc90a1196e6f153eece0bc0b0fc9eb&units=imperial&q=deputatskiy
107,carnarvon,http://api.openweathermap.org/data/2.5/weather?appid=25bc90a1196e6f153eece0bc0b0fc9eb&units=imperial&q=carnarvon
108,lompoc,http://api.openweathermap.org/data/2.5/weather?appid=25bc90a1196e6f153eece0bc0b0fc9eb&units=imperial&q=lompoc
109,lagos,http://api.openweathermap.org/data/2.5/weather?appid=25bc90a1196e6f153eece0bc0b0fc9eb&units=imperial&q=lagos
110,progreso,http://api.openweathermap.org/data/2.5/weather?appid=25bc90a1196e6f153eece0bc0b0fc9eb&units=imperial&q=progreso
111,mamallapuram,http://api.openweathermap.org/data/2.5/weather?appid=25bc90a1196e6f153eece0bc0b0fc9eb&units=imperial&q=mamallapuram
112,ribeira grande,http://api.openweathermap.org/data/2.5/weather?appid=25bc90a1196e6f153eece0bc0b0fc9eb&units=imperial&q=ribeira grande
113,pahalgam,http://api.openweathermap.org/data/2.5/weather?appid=25bc90a1196e6f153eece0bc0b0fc9eb&units=imperial&q=pahalgam
114,bubaque,http://api.openweathermap.org/data/2.5/weather?appid=25bc90a1196e6f153eece0bc0b0fc9eb&units=imperial&q=bubaque
115,yugo-kamskiy,http://api.openweathermap.org/data/2.5/weather?appid=25bc90a1196e6f153eece0bc0b0fc9eb&units=imperial&q=yugo-kamskiy
116,ostrovnoy,http://api.openweathermap.org/data/2.5/weather?appid=25bc90a1196e6f153eece0bc0b0fc9eb&units=imperial&q=ostrovnoy
117,lebu,http://api.openweathermap.org/data/2.5/weather?appid=25bc90a1196e6f153eece0bc0b0fc9eb&units=imperial&q=lebu
118,laguna,http://api.openweathermap.org/data/2.5/weather?appid=25bc90a1196e6f153eece0bc0b0fc9eb&units=imperial&q=laguna
119,port augusta,http://api.openweathermap.org/data/2.5/weather?appid=25bc90a1196e6f153eece0bc0b0fc9eb&units=imperial&q=port augusta
120,yerbogachen,http://api.openweathermap.org/data/2.5/weather?appid=25bc90a1196e6f153eece0bc0b0fc9eb&units=imperial&q=yerbogachen
121,taylorville,http://api.openweathermap.org/data/2.5/weather?appid=25bc90a1196e6f153eece0bc0b0fc9eb&units=imperial&q=taylorville
122,tabas,http://api.openweathermap.org/data/2.5/weather?appid=25bc90a1196e6f153eece0bc0b0fc9eb&units=imperial&q=tabas
123,severo-kurilsk,http://api.openweathermap.org/data/2.5/weather?appid=25bc90a1196e6f153eece0bc0b0fc9eb&units=imperial&q=severo-kurilsk
124,ketchikan,http://api.openweathermap.org/data/2.5/weather?appid=25bc90a1196e6f153eece0bc0b0fc9eb&units=imperial&q=ketchikan
125,kapaa,http://api.openweathermap.org/data/2.5/weather?appid=25bc90a1196e6f153eece0bc0b0fc9eb&units=imperial&q=kapaa
126,margate,http://api.openweathermap.org/data/2.5/weather?appid=25bc90a1196e6f153eece0bc0b0fc9eb&units=imperial&q=margate
127,bambous virieux,http://api.openweathermap.org/data/2.5/weather?appid=25bc90a1196e6f153eece0bc0b0fc9eb&units=imperial&q=bambous virieux
128,shirokiy,http://api.openweathermap.org/data/2.5/weather?appid=25bc90a1196e6f153eece0bc0b0fc9eb&units=imperial&q=shirokiy
129,fortuna,http://api.openweathermap.org/data/2.5/weather?appid=25bc90a1196e6f153eece0bc0b0fc9eb&units=imperial&q=fortuna
130,pundaguitan,http://api.openweathermap.org/data/2.5/weather?appid=25bc90a1196e6f153eece0bc0b0fc9eb&units=imperial&q=pundaguitan
131,thompson,http://api.openweathermap.org/data/2.5/weather?appid=25bc90a1196e6f153eece0bc0b0fc9eb&units=imperial&q=thompson
132,minot,http://api.openweathermap.org/data/2.5/weather?appid=25bc90a1196e6f153eece0bc0b0fc9eb&units=imperial&q=minot
133,mumford,http://api.openweathermap.org/data/2.5/weather?appid=25bc90a1196e6f153eece0bc0b0fc9eb&units=imperial&q=mumford
134,east london,http://api.openweathermap.org/data/2.5/weather?appid=25bc90a1196e6f153eece0bc0b0fc9eb&units=imperial&q=east london
135,dengzhou,http://api.openweathermap.org/data/2.5/weather?appid=25bc90a1196e6f153eece0bc0b0fc9eb&units=imperial&q=dengzhou
136,moyale,http://api.openweathermap.org/data/2.5/weather?appid=25bc90a1196e6f153eece0bc0b0fc9eb&units=imperial&q=moyale
137,ahipara,http://api.openweathermap.org/data/2.5/weather?appid=25bc90a1196e6f153eece0bc0b0fc9eb&units=imperial&q=ahipara
138,mayo,http://api.openweathermap.org/data/2.5/weather?appid=25bc90a1196e6f153eece0bc0b0fc9eb&units=imperial&q=mayo
139,cabinda,http://api.openweathermap.org/data/2.5/weather?appid=25bc90a1196e6f153eece0bc0b0fc9eb&units=imperial&q=cabinda
140,caluquembe,http://api.openweathermap.org/data/2.5/weather?appid=25bc90a1196e6f153eece0bc0b0fc9eb&units=imperial&q=caluquembe
141,bethel,http://api.openweathermap.org/data/2.5/weather?appid=25bc90a1196e6f153eece0bc0b0fc9eb&units=imperial&q=bethel
142,sao filipe,http://api.openweathermap.org/data/2.5/weather?appid=25bc90a1196e6f153eece0bc0b0fc9eb&units=imperial&q=sao filipe
143,saint george,http://api.openweathermap.org/data/2.5/weather?appid=25bc90a1196e6f153eece0bc0b0fc9eb&units=imperial&q=saint george
144,jasper,http://api.openweathermap.org/data/2.5/weather?appid=25bc90a1196e6f153eece0bc0b0fc9eb&units=imperial&q=jasper
145,atar,http://api.openweathermap.org/data/2.5/weather?appid=25bc90a1196e6f153eece0bc0b0fc9eb&units=imperial&q=atar
146,labytnangi,http://api.openweathermap.org/data/2.5/weather?appid=25bc90a1196e6f153eece0bc0b0fc9eb&units=imperial&q=labytnangi
147,coahuayana,http://api.openweathermap.org/data/2.5/weather?appid=25bc90a1196e6f153eece0bc0b0fc9eb&units=imperial&q=coahuayana
148,arlit,http://api.openweathermap.org/data/2.5/weather?appid=25bc90a1196e6f153eece0bc0b0fc9eb&units=imperial&q=arlit
149,sinnamary,http://api.openweathermap.org/data/2.5/weather?appid=25bc90a1196e6f153eece0bc0b0fc9eb&units=imperial&q=sinnamary
150,tazovskiy,http://api.openweathermap.org/data/2.5/weather?appid=25bc90a1196e6f153eece0bc0b0fc9eb&units=imperial&q=tazovskiy
151,pisco,http://api.openweathermap.org/data/2.5/weather?appid=25bc90a1196e6f153eece0bc0b0fc9eb&units=imperial&q=pisco
152,mahebourg,http://api.openweathermap.org/data/2.5/weather?appid=25bc90a1196e6f153eece0bc0b0fc9eb&units=imperial&q=mahebourg
153,prince george,http://api.openweathermap.org/data/2.5/weather?appid=25bc90a1196e6f153eece0bc0b0fc9eb&units=imperial&q=prince george
154,ilo,http://api.openweathermap.org/data/2.5/weather?appid=25bc90a1196e6f153eece0bc0b0fc9eb&units=imperial&q=ilo
155,hermanus,http://api.openweathermap.org/data/2.5/weather?appid=25bc90a1196e6f153eece0bc0b0fc9eb&units=imperial&q=hermanus
156,kingori,http://api.openweathermap.org/data/2.5/weather?appid=25bc90a1196e6f153eece0bc0b0fc9eb&units=imperial&q=kingori
157,visby,http://api.openweathermap.org/data/2.5/weather?appid=25bc90a1196e6f153eece0bc0b0fc9eb&units=imperial&q=visby
158,male,http://api.openweathermap.org/data/2.5/weather?appid=25bc90a1196e6f153eece0bc0b0fc9eb&units=imperial&q=male
159,nantucket,http://api.openweathermap.org/data/2.5/weather?appid=25bc90a1196e6f153eece0bc0b0fc9eb&units=imperial&q=nantucket
160,eskisehir,http://api.openweathermap.org/data/2.5/weather?appid=25bc90a1196e6f153eece0bc0b0fc9eb&units=imperial&q=eskisehir
161,baruun-urt,http://api.openweathermap.org/data/2.5/weather?appid=25bc90a1196e6f153eece0bc0b0fc9eb&units=imperial&q=baruun-urt
162,leshukonskoye,http://api.openweathermap.org/data/2.5/weather?appid=25bc90a1196e6f153eece0bc0b0fc9eb&units=imperial&q=leshukonskoye
163,nhamunda,http://api.openweathermap.org/data/2.5/weather?appid=25bc90a1196e6f153eece0bc0b0fc9eb&units=imperial&q=nhamunda
164,sakmara,http://api.openweathermap.org/data/2.5/weather?appid=25bc90a1196e6f153eece0bc0b0fc9eb&units=imperial&q=sakmara
165,mar del plata,http://api.openweathermap.org/data/2.5/weather?appid=25bc90a1196e6f153eece0bc0b0fc9eb&units=imperial&q=mar del plata
166,taitung,http://api.openweathermap.org/data/2.5/weather?appid=25bc90a1196e6f153eece0bc0b0fc9eb&units=imperial&q=taitung
167,aitape,http://api.openweathermap.org/data/2.5/weather?appid=25bc90a1196e6f153eece0bc0b0fc9eb&units=imperial&q=aitape
168,salzburg,http://api.openweathermap.org/data/2.5/weather?appid=25bc90a1196e6f153eece0bc0b0fc9eb&units=imperial&q=salzburg
169,barabai,http://api.openweathermap.org/data/2.5/weather?appid=25bc90a1196e6f153eece0bc0b0fc9eb&units=imperial&q=barabai
170,huarmey,http://api.openweathermap.org/data/2.5/weather?appid=25bc90a1196e6f153eece0bc0b0fc9eb&units=imperial&q=huarmey
171,kichera,http://api.openweathermap.org/data/2.5/weather?appid=25bc90a1196e6f153eece0bc0b0fc9eb&units=imperial&q=kichera
172,barrow,http://api.openweathermap.org/data/2.5/weather?appid=25bc90a1196e6f153eece0bc0b0fc9eb&units=imperial&q=barrow
173,yulara,http://api.openweathermap.org/data/2.5/weather?appid=25bc90a1196e6f153eece0bc0b0fc9eb&units=imperial&q=yulara
174,gunnaur,http://api.openweathermap.org/data/2.5/weather?appid=25bc90a1196e6f153eece0bc0b0fc9eb&units=imperial&q=gunnaur
175,bay roberts,http://api.openweathermap.org/data/2.5/weather?appid=25bc90a1196e6f153eece0bc0b0fc9eb&units=imperial&q=bay roberts
176,kununurra,http://api.openweathermap.org/data/2.5/weather?appid=25bc90a1196e6f153eece0bc0b0fc9eb&units=imperial&q=kununurra
177,ormara,http://api.openweathermap.org/data/2.5/weather?appid=25bc90a1196e6f153eece0bc0b0fc9eb&units=imperial&q=ormara
178,valparaiso,http://api.openweathermap.org/data/2.5/weather?appid=25bc90a1196e6f153eece0bc0b0fc9eb&units=imperial&q=valparaiso
179,douentza,http://api.openweathermap.org/data/2.5/weather?appid=25bc90a1196e6f153eece0bc0b0fc9eb&units=imperial&q=douentza
180,matara,http://api.openweathermap.org/data/2.5/weather?appid=25bc90a1196e6f153eece0bc0b0fc9eb&units=imperial&q=matara
181,batemans bay,http://api.openweathermap.org/data/2.5/weather?appid=25bc90a1196e6f153eece0bc0b0fc9eb&units=imperial&q=batemans bay
182,airai,http://api.openweathermap.org/data/2.5/weather?appid=25bc90a1196e6f153eece0bc0b0fc9eb&units=imperial&q=airai
183,lorengau,http://api.openweathermap.org/data/2.5/weather?appid=25bc90a1196e6f153eece0bc0b0fc9eb&units=imperial&q=lorengau
184,makakilo city,http://api.openweathermap.org/data/2.5/weather?appid=25bc90a1196e6f153eece0bc0b0fc9eb&units=imperial&q=makakilo city
185,eyl,http://api.openweathermap.org/data/2.5/weather?appid=25bc90a1196e6f153eece0bc0b0fc9eb&units=imperial&q=eyl
186,west bay,http://api.openweathermap.org/data/2.5/weather?appid=25bc90a1196e6f153eece0bc0b0fc9eb&units=imperial&q=west bay
187,asekeyevo,http://api.openweathermap.org/data/2.5/weather?appid=25bc90a1196e6f153eece0bc0b0fc9eb&units=imperial&q=asekeyevo
188,ancud,http://api.openweathermap.org/data/2.5/weather?appid=25bc90a1196e6f153eece0bc0b0fc9eb&units=imperial&q=ancud
189,masvingo,http://api.openweathermap.org/data/2.5/weather?appid=25bc90a1196e6f153eece0bc0b0fc9eb&units=imperial&q=masvingo
190,bocas del toro,http://api.openweathermap.org/data/2.5/weather?appid=25bc90a1196e6f153eece0bc0b0fc9eb&units=imperial&q=bocas del toro
191,alofi,http://api.openweathermap.org/data/2.5/weather?appid=25bc90a1196e6f153eece0bc0b0fc9eb&units=imperial&q=alofi
192,matagami,http://api.openweathermap.org/data/2.5/weather?appid=25bc90a1196e6f153eece0bc0b0fc9eb&units=imperial&q=matagami
193,sudak,http://api.openweathermap.org/data/2.5/weather?appid=25bc90a1196e6f153eece0bc0b0fc9eb&units=imperial&q=sudak
194,kamenka,http://api.openweathermap.org/data/2.5/weather?appid=25bc90a1196e6f153eece0bc0b0fc9eb&units=imperial&q=kamenka
195,berlevag,http://api.openweathermap.org/data/2.5/weather?appid=25bc90a1196e6f153eece0bc0b0fc9eb&units=imperial&q=berlevag
196,cam ranh,http://api.openweathermap.org/data/2.5/weather?appid=25bc90a1196e6f153eece0bc0b0fc9eb&units=imperial&q=cam ranh
197,inhambane,http://api.openweathermap.org/data/2.5/weather?appid=25bc90a1196e6f153eece0bc0b0fc9eb&units=imperial&q=inhambane
198,hambantota,http://api.openweathermap.org/data/2.5/weather?appid=25bc90a1196e6f153eece0bc0b0fc9eb&units=imperial&q=hambantota
199,kuytun,http://api.openweathermap.org/data/2.5/weather?appid=25bc90a1196e6f153eece0bc0b0fc9eb&units=imperial&q=kuytun
200,ashford,http://api.openweathermap.org/data/2.5/weather?appid=25bc90a1196e6f153eece0bc0b0fc9eb&units=imperial&q=ashford
201,nhulunbuy,http://api.openweathermap.org/data/2.5/weather?appid=25bc90a1196e6f153eece0bc0b0fc9eb&units=imperial&q=nhulunbuy
202,aklavik,http://api.openweathermap.org/data/2.5/weather?appid=25bc90a1196e6f153eece0bc0b0fc9eb&units=imperial&q=aklavik
203,sompeta,http://api.openweathermap.org/data/2.5/weather?appid=25bc90a1196e6f153eece0bc0b0fc9eb&units=imperial&q=sompeta
204,hobyo,http://api.openweathermap.org/data/2.5/weather?appid=25bc90a1196e6f153eece0bc0b0fc9eb&units=imperial&q=hobyo
205,miles city,http://api.openweathermap.org/data/2.5/weather?appid=25bc90a1196e6f153eece0bc0b0fc9eb&units=imperial&q=miles city
206,saskylakh,http://api.openweathermap.org/data/2.5/weather?appid=25bc90a1196e6f153eece0bc0b0fc9eb&units=imperial&q=saskylakh
207,nanortalik,http://api.openweathermap.org/data/2.5/weather?appid=25bc90a1196e6f153eece0bc0b0fc9eb&units=imperial&q=nanortalik
208,omboue,http://api.openweathermap.org/data/2.5/weather?appid=25bc90a1196e6f153eece0bc0b0fc9eb&units=imperial&q=omboue
209,watsa,http://api.openweathermap.org/data/2.5/weather?appid=25bc90a1196e6f153eece0bc0b0fc9eb&units=imperial&q=watsa
210,pevek,http://api.openweathermap.org/data/2.5/weather?appid=25bc90a1196e6f153eece0bc0b0fc9eb&units=imperial&q=pevek
211,kalianget,http://api.openweathermap.org/data/2.5/weather?appid=25bc90a1196e6f153eece0bc0b0fc9eb&units=imperial&q=kalianget
212,srednekolymsk,http://api.openweathermap.org/data/2.5/weather?appid=25bc90a1196e6f153eece0bc0b0fc9eb&units=imperial&q=srednekolymsk
213,geraldton,http://api.openweathermap.org/data/2.5/weather?appid=25bc90a1196e6f153eece0bc0b0fc9eb&units=imperial&q=geraldton
214,sungaipenuh,http://api.openweathermap.org/data/2.5/weather?appid=25bc90a1196e6f153eece0bc0b0fc9eb&units=imperial&q=sungaipenuh
215,thinadhoo,http://api.openweathermap.org/data/2.5/weather?appid=25bc90a1196e6f153eece0bc0b0fc9eb&units=imperial&q=thinadhoo
216,weligama,http://api.openweathermap.org/data/2.5/weather?appid=25bc90a1196e6f153eece0bc0b0fc9eb&units=imperial&q=weligama
217,kandrian,http://api.openweathermap.org/data/2.5/weather?appid=25bc90a1196e6f153eece0bc0b0fc9eb&units=imperial&q=kandrian
218,arraial do cabo,http://api.openweathermap.org/data/2.5/weather?appid=25bc90a1196e6f153eece0bc0b0fc9eb&units=imperial&q=arraial do cabo
219,shimorskoye,http://api.openweathermap.org/data/2.5/weather?appid=25bc90a1196e6f153eece0bc0b0fc9eb&units=imperial&q=shimorskoye
220,jamame,http://api.openweathermap.org/data/2.5/weather?appid=25bc90a1196e6f153eece0bc0b0fc9eb&units=imperial&q=jamame
221,ponta do sol,http://api.openweathermap.org/data/2.5/weather?appid=25bc90a1196e6f153eece0bc0b0fc9eb&units=imperial&q=ponta do sol
222,landau,http://api.openweathermap.org/data/2.5/weather?appid=25bc90a1196e6f153eece0bc0b0fc9eb&units=imperial&q=landau
223,northam,http://api.openweathermap.org/data/2.5/weather?appid=25bc90a1196e6f153eece0bc0b0fc9eb&units=imperial&q=northam
224,rafaela,http://api.openweathermap.org/data/2.5/weather?appid=25bc90a1196e6f153eece0bc0b0fc9eb&units=imperial&q=rafaela
225,esfarayen,http://api.openweathermap.org/data/2.5/weather?appid=25bc90a1196e6f153eece0bc0b0fc9eb&units=imperial&q=esfarayen
226,batagay,http://api.openweathermap.org/data/2.5/weather?appid=25bc90a1196e6f153eece0bc0b0fc9eb&units=imperial&q=batagay
227,xining,http://api.openweathermap.org/data/2.5/weather?appid=25bc90a1196e6f153eece0bc0b0fc9eb&units=imperial&q=xining
228,smidovich,http://api.openweathermap.org/data/2.5/weather?appid=25bc90a1196e6f153eece0bc0b0fc9eb&units=imperial&q=smidovich
229,lamu,http://api.openweathermap.org/data/2.5/weather?appid=25bc90a1196e6f153eece0bc0b0fc9eb&units=imperial&q=lamu
230,anadyr,http://api.openweathermap.org/data/2.5/weather?appid=25bc90a1196e6f153eece0bc0b0fc9eb&units=imperial&q=anadyr
231,pogar,http://api.openweathermap.org/data/2.5/weather?appid=25bc90a1196e6f153eece0bc0b0fc9eb&units=imperial&q=pogar
232,palana,http://api.openweathermap.org/data/2.5/weather?appid=25bc90a1196e6f153eece0bc0b0fc9eb&units=imperial&q=palana
233,alice springs,http://api.openweathermap.org/data/2.5/weather?appid=25bc90a1196e6f153eece0bc0b0fc9eb&units=imperial&q=alice springs
234,mildura,http://api.openweathermap.org/data/2.5/weather?appid=25bc90a1196e6f153eece0bc0b0fc9eb&units=imperial&q=mildura
235,san ramon,http://api.openweathermap.org/data/2.5/weather?appid=25bc90a1196e6f153eece0bc0b0fc9eb&units=imperial&q=san ramon
236,saldanha,http://api.openweathermap.org/data/2.5/weather?appid=25bc90a1196e6f153eece0bc0b0fc9eb&units=imperial&q=saldanha
237,hovd,http://api.openweathermap.org/data/2.5/weather?appid=25bc90a1196e6f153eece0bc0b0fc9eb&units=imperial&q=hovd
238,fuyu,http://api.openweathermap.org/data/2.5/weather?appid=25bc90a1196e6f153eece0bc0b0fc9eb&units=imperial&q=fuyu
239,sarangani,http://api.openweathermap.org/data/2.5/weather?appid=25bc90a1196e6f153eece0bc0b0fc9eb&units=imperial&q=sarangani
240,kodinsk,http://api.openweathermap.org/data/2.5/weather?appid=25bc90a1196e6f153eece0bc0b0fc9eb&units=imperial&q=kodinsk
241,puerto suarez,http://api.openweathermap.org/data/2.5/weather?appid=25bc90a1196e6f153eece0bc0b0fc9eb&units=imperial&q=puerto suarez
242,horta,http://api.openweathermap.org/data/2.5/weather?appid=25bc90a1196e6f153eece0bc0b0fc9eb&units=imperial&q=horta
243,manokwari,http://api.openweathermap.org/data/2.5/weather?appid=25bc90a1196e6f153eece0bc0b0fc9eb&units=imperial&q=manokwari
244,komsomolskiy,http://api.openweathermap.org/data/2.5/weather?appid=25bc90a1196e6f153eece0bc0b0fc9eb&units=imperial&q=komsomolskiy
245,ayacucho,http://api.openweathermap.org/data/2.5/weather?appid=25bc90a1196e6f153eece0bc0b0fc9eb&units=imperial&q=ayacucho
246,aksarka,http://api.openweathermap.org/data/2.5/weather?appid=25bc90a1196e6f153eece0bc0b0fc9eb&units=imperial&q=aksarka
247,yarmouth,http://api.openweathermap.org/data/2.5/weather?appid=25bc90a1196e6f153eece0bc0b0fc9eb&units=imperial&q=yarmouth
248,chokurdakh,http://api.openweathermap.org/data/2.5/weather?appid=25bc90a1196e6f153eece0bc0b0fc9eb&units=imperial&q=chokurdakh
249,kadaya,http://api.openweathermap.org/data/2.5/weather?appid=25bc90a1196e6f153eece0bc0b0fc9eb&units=imperial&q=kadaya
250,namibe,http://api.openweathermap.org/data/2.5/weather?appid=25bc90a1196e6f153eece0bc0b0fc9eb&units=imperial&q=namibe
251,novobirilyussy,http://api.openweathermap.org/data/2.5/weather?appid=25bc90a1196e6f153eece0bc0b0fc9eb&units=imperial&q=novobirilyussy
252,rawson,http://api.openweathermap.org/data/2.5/weather?appid=25bc90a1196e6f153eece0bc0b0fc9eb&units=imperial&q=rawson
253,pervomayskoye,http://api.openweathermap.org/data/2.5/weather?appid=25bc90a1196e6f153eece0bc0b0fc9eb&units=imperial&q=pervomayskoye
254,stykkisholmur,http://api.openweathermap.org/data/2.5/weather?appid=25bc90a1196e6f153eece0bc0b0fc9eb&units=imperial&q=stykkisholmur
255,muskegon,http://api.openweathermap.org/data/2.5/weather?appid=25bc90a1196e6f153eece0bc0b0fc9eb&units=imperial&q=muskegon
256,grindavik,http://api.openweathermap.org/data/2.5/weather?appid=25bc90a1196e6f153eece0bc0b0fc9eb&units=imperial&q=grindavik
257,azul,http://api.openweathermap.org/data/2.5/weather?appid=25bc90a1196e6f153eece0bc0b0fc9eb&units=imperial&q=azul
258,upernavik,http://api.openweathermap.org/data/2.5/weather?appid=25bc90a1196e6f153eece0bc0b0fc9eb&units=imperial&q=upernavik
259,victoria,http://api.openweathermap.org/data/2.5/weather?appid=25bc90a1196e6f153eece0bc0b0fc9eb&units=imperial&q=victoria
260,beruwala,http://api.openweathermap.org/data/2.5/weather?appid=25bc90a1196e6f153eece0bc0b0fc9eb&units=imperial&q=beruwala
261,esperance,http://api.openweathermap.org/data/2.5/weather?appid=25bc90a1196e6f153eece0bc0b0fc9eb&units=imperial&q=esperance
262,zyryanka,http://api.openweathermap.org/data/2.5/weather?appid=25bc90a1196e6f153eece0bc0b0fc9eb&units=imperial&q=zyryanka
263,prince rupert,http://api.openweathermap.org/data/2.5/weather?appid=25bc90a1196e6f153eece0bc0b0fc9eb&units=imperial&q=prince rupert
264,baykit,http://api.openweathermap.org/data/2.5/weather?appid=25bc90a1196e6f153eece0bc0b0fc9eb&units=imperial&q=baykit
265,kendari,http://api.openweathermap.org/data/2.5/weather?appid=25bc90a1196e6f153eece0bc0b0fc9eb&units=imperial&q=kendari
266,axim,http://api.openweathermap.org/data/2.5/weather?appid=25bc90a1196e6f153eece0bc0b0fc9eb&units=imperial&q=axim
267,codrington,http://api.openweathermap.org/data/2.5/weather?appid=25bc90a1196e6f153eece0bc0b0fc9eb&units=imperial&q=codrington
268,taiyuan,http://api.openweathermap.org/data/2.5/weather?appid=25bc90a1196e6f153eece0bc0b0fc9eb&units=imperial&q=taiyuan
269,grand island,http://api.openweathermap.org/data/2.5/weather?appid=25bc90a1196e6f153eece0bc0b0fc9eb&units=imperial&q=grand island
270,teya,http://api.openweathermap.org/data/2.5/weather?appid=25bc90a1196e6f153eece0bc0b0fc9eb&units=imperial&q=teya
271,mezen,http://api.openweathermap.org/data/2.5/weather?appid=25bc90a1196e6f153eece0bc0b0fc9eb&units=imperial&q=mezen
272,faanui,http://api.openweathermap.org/data/2.5/weather?appid=25bc90a1196e6f153eece0bc0b0fc9eb&units=imperial&q=faanui
273,manado,http://api.openweathermap.org/data/2.5/weather?appid=25bc90a1196e6f153eece0bc0b0fc9eb&units=imperial&q=manado
274,cidreira,http://api.openweathermap.org/data/2.5/weather?appid=25bc90a1196e6f153eece0bc0b0fc9eb&units=imperial&q=cidreira
275,fairbanks,http://api.openweathermap.org/data/2.5/weather?appid=25bc90a1196e6f153eece0bc0b0fc9eb&units=imperial&q=fairbanks
276,vyara,http://api.openweathermap.org/data/2.5/weather?appid=25bc90a1196e6f153eece0bc0b0fc9eb&units=imperial&q=vyara
277,terrace,http://api.openweathermap.org/data/2.5/weather?appid=25bc90a1196e6f153eece0bc0b0fc9eb&units=imperial&q=terrace
278,port lincoln,http://api.openweathermap.org/data/2.5/weather?appid=25bc90a1196e6f153eece0bc0b0fc9eb&units=imperial&q=port lincoln
279,cherskiy,http://api.openweathermap.org/data/2.5/weather?appid=25bc90a1196e6f153eece0bc0b0fc9eb&units=imperial&q=cherskiy
280,hilton head island,http://api.openweathermap.org/data/2.5/weather?appid=25bc90a1196e6f153eece0bc0b0fc9eb&units=imperial&q=hilton head island
281,ixtapa,http://api.openweathermap.org/data/2.5/weather?appid=25bc90a1196e6f153eece0bc0b0fc9eb&units=imperial&q=ixtapa
282,camacupa,http://api.openweathermap.org/data/2.5/weather?appid=25bc90a1196e6f153eece0bc0b0fc9eb&units=imperial&q=camacupa
283,guaymas,http://api.openweathermap.org/data/2.5/weather?appid=25bc90a1196e6f153eece0bc0b0fc9eb&units=imperial&q=guaymas
284,rwamagana,http://api.openweathermap.org/data/2.5/weather?appid=25bc90a1196e6f153eece0bc0b0fc9eb&units=imperial&q=rwamagana
285,pitea,http://api.openweathermap.org/data/2.5/weather?appid=25bc90a1196e6f153eece0bc0b0fc9eb&units=imperial&q=pitea
286,dronninglund,http://api.openweathermap.org/data/2.5/weather?appid=25bc90a1196e6f153eece0bc0b0fc9eb&units=imperial&q=dronninglund
287,hailar,http://api.openweathermap.org/data/2.5/weather?appid=25bc90a1196e6f153eece0bc0b0fc9eb&units=imperial&q=hailar
288,gazojak,http://api.openweathermap.org/data/2.5/weather?appid=25bc90a1196e6f153eece0bc0b0fc9eb&units=imperial&q=gazojak
289,nata,http://api.openweathermap.org/data/2.5/weather?appid=25bc90a1196e6f153eece0bc0b0fc9eb&units=imperial&q=nata
290,bonavista,http://api.openweathermap.org/data/2.5/weather?appid=25bc90a1196e6f153eece0bc0b0fc9eb&units=imperial&q=bonavista
291,zeya,http://api.openweathermap.org/data/2.5/weather?appid=25bc90a1196e6f153eece0bc0b0fc9eb&units=imperial&q=zeya
292,high level,http://api.openweathermap.org/data/2.5/weather?appid=25bc90a1196e6f153eece0bc0b0fc9eb&units=imperial&q=high level
293,brigantine,http://api.openweathermap.org/data/2.5/weather?appid=25bc90a1196e6f153eece0bc0b0fc9eb&units=imperial&q=brigantine
294,kavaratti,http://api.openweathermap.org/data/2.5/weather?appid=25bc90a1196e6f153eece0bc0b0fc9eb&units=imperial&q=kavaratti
295,tasiilaq,http://api.openweathermap.org/data/2.5/weather?appid=25bc90a1196e6f153eece0bc0b0fc9eb&units=imperial&q=tasiilaq
296,vega de alatorre,http://api.openweathermap.org/data/2.5/weather?appid=25bc90a1196e6f153eece0bc0b0fc9eb&units=imperial&q=vega de alatorre
297,botshabelo,http://api.openweathermap.org/data/2.5/weather?appid=25bc90a1196e6f153eece0bc0b0fc9eb&units=imperial&q=botshabelo
298,burnie,http://api.openweathermap.org/data/2.5/weather?appid=25bc90a1196e6f153eece0bc0b0fc9eb&units=imperial&q=burnie
299,luderitz,http://api.openweathermap.org/data/2.5/weather?appid=25bc90a1196e6f153eece0bc0b0fc9eb&units=imperial&q=luderitz
300,lavrentiya,http://api.openweathermap.org/data/2.5/weather?appid=25bc90a1196e6f153eece0bc0b0fc9eb&units=imperial&q=lavrentiya
301,iralaya,http://api.openweathermap.org/data/2.5/weather?appid=25bc90a1196e6f153eece0bc0b0fc9eb&units=imperial&q=iralaya
302,kutum,http://api.openweathermap.org/data/2.5/weather?appid=25bc90a1196e6f153eece0bc0b0fc9eb&units=imperial&q=kutum
303,itoman,http://api.openweathermap.org/data/2.5/weather?appid=25bc90a1196e6f153eece0bc0b0fc9eb&units=imperial&q=itoman
304,malanje,http://api.openweathermap.org/data/2.5/weather?appid=25bc90a1196e6f153eece0bc0b0fc9eb&units=imperial&q=malanje
305,sobolevo,http://api.openweathermap.org/data/2.5/weather?appid=25bc90a1196e6f153eece0bc0b0fc9eb&units=imperial&q=sobolevo
306,mount gambier,http://api.openweathermap.org/data/2.5/weather?appid=25bc90a1196e6f153eece0bc0b0fc9eb&units=imperial&q=mount gambier
307,camacha,http://api.openweathermap.org/data/2.5/weather?appid=25bc90a1196e6f153eece0bc0b0fc9eb&units=imperial&q=camacha
308,rocha,http://api.openweathermap.org/data/2.5/weather?appid=25bc90a1196e6f153eece0bc0b0fc9eb&units=imperial&q=rocha
309,pimentel,http://api.openweathermap.org/data/2.5/weather?appid=25bc90a1196e6f153eece0bc0b0fc9eb&units=imperial&q=pimentel
310,malabo,http://api.openweathermap.org/data/2.5/weather?appid=25bc90a1196e6f153eece0bc0b0fc9eb&units=imperial&q=malabo
311,mecca,http://api.openweathermap.org/data/2.5/weather?appid=25bc90a1196e6f153eece0bc0b0fc9eb&units=imperial&q=mecca
312,key west,http://api.openweathermap.org/data/2.5/weather?appid=25bc90a1196e6f153eece0bc0b0fc9eb&units=imperial&q=key west
313,kiruna,http://api.openweathermap.org/data/2.5/weather?appid=25bc90a1196e6f153eece0bc0b0fc9eb&units=imperial&q=kiruna
314,simbahan,http://api.openweathermap.org/data/2.5/weather?appid=25bc90a1196e6f153eece0bc0b0fc9eb&units=imperial&q=simbahan
315,amvrosiyivka,http://api.openweathermap.org/data/2.5/weather?appid=25bc90a1196e6f153eece0bc0b0fc9eb&units=imperial&q=amvrosiyivka
316,waingapu,http://api.openweathermap.org/data/2.5/weather?appid=25bc90a1196e6f153eece0bc0b0fc9eb&units=imperial&q=waingapu
317,yurginskoye,http://api.openweathermap.org/data/2.5/weather?appid=25bc90a1196e6f153eece0bc0b0fc9eb&units=imperial&q=yurginskoye
318,guilin,http://api.openweathermap.org/data/2.5/weather?appid=25bc90a1196e6f153eece0bc0b0fc9eb&units=imperial&q=guilin
319,kwinana,http://api.openweathermap.org/data/2.5/weather?appid=25bc90a1196e6f153eece0bc0b0fc9eb&units=imperial&q=kwinana
320,hasaki,http://api.openweathermap.org/data/2.5/weather?appid=25bc90a1196e6f153eece0bc0b0fc9eb&units=imperial&q=hasaki
321,dongsheng,http://api.openweathermap.org/data/2.5/weather?appid=25bc90a1196e6f153eece0bc0b0fc9eb&units=imperial&q=dongsheng
322,naze,http://api.openweathermap.org/data/2.5/weather?appid=25bc90a1196e6f153eece0bc0b0fc9eb&units=imperial&q=naze
323,verkhnevilyuysk,http://api.openweathermap.org/data/2.5/weather?appid=25bc90a1196e6f153eece0bc0b0fc9eb&units=imperial&q=verkhnevilyuysk
324,isangel,http://api.openweathermap.org/data/2.5/weather?appid=25bc90a1196e6f153eece0bc0b0fc9eb&units=imperial&q=isangel
325,altay,http://api.openweathermap.org/data/2.5/weather?appid=25bc90a1196e6f153eece0bc0b0fc9eb&units=imperial&q=altay
326,provideniya,http://api.openweathermap.org/data/2.5/weather?appid=25bc90a1196e6f153eece0bc0b0fc9eb&units=imperial&q=provideniya
327,kottayam,http://api.openweathermap.org/data/2.5/weather?appid=25bc90a1196e6f153eece0bc0b0fc9eb&units=imperial&q=kottayam
328,vavatenina,http://api.openweathermap.org/data/2.5/weather?appid=25bc90a1196e6f153eece0bc0b0fc9eb&units=imperial&q=vavatenina
329,ferme-neuve,http://api.openweathermap.org/data/2.5/weather?appid=25bc90a1196e6f153eece0bc0b0fc9eb&units=imperial&q=ferme-neuve
330,kassala,http://api.openweathermap.org/data/2.5/weather?appid=25bc90a1196e6f153eece0bc0b0fc9eb&units=imperial&q=kassala
331,touros,http://api.openweathermap.org/data/2.5/weather?appid=25bc90a1196e6f153eece0bc0b0fc9eb&units=imperial&q=touros
332,jacareacanga,http://api.openweathermap.org/data/2.5/weather?appid=25bc90a1196e6f153eece0bc0b0fc9eb&units=imperial&q=jacareacanga
333,tura,http://api.openweathermap.org/data/2.5/weather?appid=25bc90a1196e6f153eece0bc0b0fc9eb&units=imperial&q=tura
334,chama,http://api.openweathermap.org/data/2.5/weather?appid=25bc90a1196e6f153eece0bc0b0fc9eb&units=imperial&q=chama
335,jinchang,http://api.openweathermap.org/data/2.5/weather?appid=25bc90a1196e6f153eece0bc0b0fc9eb&units=imperial&q=jinchang
336,caravelas,http://api.openweathermap.org/data/2.5/weather?appid=25bc90a1196e6f153eece0bc0b0fc9eb&units=imperial&q=caravelas
337,arcachon,http://api.openweathermap.org/data/2.5/weather?appid=25bc90a1196e6f153eece0bc0b0fc9eb&units=imperial&q=arcachon
338,samarai,http://api.openweathermap.org/data/2.5/weather?appid=25bc90a1196e6f153eece0bc0b0fc9eb&units=imperial&q=samarai
339,kattivakkam,http://api.openweathermap.org/data/2.5/weather?appid=25bc90a1196e6f153eece0bc0b0fc9eb&units=imperial&q=kattivakkam
340,grootfontein,http://api.openweathermap.org/data/2.5/weather?appid=25bc90a1196e6f153eece0bc0b0fc9eb&units=imperial&q=grootfontein
341,mikhaylovka,http://api.openweathermap.org/data/2.5/weather?appid=25bc90a1196e6f153eece0bc0b0fc9eb&units=imperial&q=mikhaylovka
342,gravdal,http://api.openweathermap.org/data/2.5/weather?appid=25bc90a1196e6f153eece0bc0b0fc9eb&units=imperial&q=gravdal
343,vitim,http://api.openweathermap.org/data/2.5/weather?appid=25bc90a1196e6f153eece0bc0b0fc9eb&units=imperial&q=vitim
344,ngunguru,http://api.openweathermap.org/data/2.5/weather?appid=25bc90a1196e6f153eece0bc0b0fc9eb&units=imperial&q=ngunguru
345,sao jose da coroa grande,http://api.openweathermap.org/data/2.5/weather?appid=25bc90a1196e6f153eece0bc0b0fc9eb&units=imperial&q=sao jose da coroa grande
346,valer,http://api.openweathermap.org/data/2.5/weather?appid=25bc90a1196e6f153eece0bc0b0fc9eb&units=imperial&q=valer
347,mehamn,http://api.openweathermap.org/data/2.5/weather?appid=25bc90a1196e6f153eece0bc0b0fc9eb&units=imperial&q=mehamn
348,grand gaube,http://api.openweathermap.org/data/2.5/weather?appid=25bc90a1196e6f153eece0bc0b0fc9eb&units=imperial&q=grand gaube
349,bereda,http://api.openweathermap.org/data/2.5/weather?appid=25bc90a1196e6f153eece0bc0b0fc9eb&units=imperial&q=bereda
350,jaromer,http://api.openweathermap.org/data/2.5/weather?appid=25bc90a1196e6f153eece0bc0b0fc9eb&units=imperial&q=jaromer
351,ayagoz,http://api.openweathermap.org/data/2.5/weather?appid=25bc90a1196e6f153eece0bc0b0fc9eb&units=imperial&q=ayagoz
352,verkhnyaya balkariya,http://api.openweathermap.org/data/2.5/weather?appid=25bc90a1196e6f153eece0bc0b0fc9eb&units=imperial&q=verkhnyaya balkariya
353,yatou,http://api.openweathermap.org/data/2.5/weather?appid=25bc90a1196e6f153eece0bc0b0fc9eb&units=imperial&q=yatou
354,maine-soroa,http://api.openweathermap.org/data/2.5/weather?appid=25bc90a1196e6f153eece0bc0b0fc9eb&units=imperial&q=maine-soroa
355,gabu,http://api.openweathermap.org/data/2.5/weather?appid=25bc90a1196e6f153eece0bc0b0fc9eb&units=imperial&q=gabu
356,camocim,http://api.openweathermap.org/data/2.5/weather?appid=25bc90a1196e6f153eece0bc0b0fc9eb&units=imperial&q=camocim
357,alihe,http://api.openweathermap.org/data/2.5/weather?appid=25bc90a1196e6f153eece0bc0b0fc9eb&units=imperial&q=alihe
358,tsaratanana,http://api.openweathermap.org/data/2.5/weather?appid=25bc90a1196e6f153eece0bc0b0fc9eb&units=imperial&q=tsaratanana
359,stillwater,http://api.openweathermap.org/data/2.5/weather?appid=25bc90a1196e6f153eece0bc0b0fc9eb&units=imperial&q=stillwater
360,jeremie,http://api.openweathermap.org/data/2.5/weather?appid=25bc90a1196e6f153eece0bc0b0fc9eb&units=imperial&q=jeremie
361,tuy hoa,http://api.openweathermap.org/data/2.5/weather?appid=25bc90a1196e6f153eece0bc0b0fc9eb&units=imperial&q=tuy hoa
362,perth,http://api.openweathermap.org/data/2.5/weather?appid=25bc90a1196e6f153eece0bc0b0fc9eb&units=imperial&q=perth
363,susanville,http://api.openweathermap.org/data/2.5/weather?appid=25bc90a1196e6f153eece0bc0b0fc9eb&units=imperial&q=susanville
364,monrovia,http://api.openweathermap.org/data/2.5/weather?appid=25bc90a1196e6f153eece0bc0b0fc9eb&units=imperial&q=monrovia
365,lucapa,http://api.openweathermap.org/data/2.5/weather?appid=25bc90a1196e6f153eece0bc0b0fc9eb&units=imperial&q=lucapa
366,padang,http://api.openweathermap.org/data/2.5/weather?appid=25bc90a1196e6f153eece0bc0b0fc9eb&units=imperial&q=padang
367,fonte boa,http://api.openweathermap.org/data/2.5/weather?appid=25bc90a1196e6f153eece0bc0b0fc9eb&units=imperial&q=fonte boa
368,ambulu,http://api.openweathermap.org/data/2.5/weather?appid=25bc90a1196e6f153eece0bc0b0fc9eb&units=imperial&q=ambulu
369,portland,http://api.openweathermap.org/data/2.5/weather?appid=25bc90a1196e6f153eece0bc0b0fc9eb&units=imperial&q=portland
370,sola,http://api.openweathermap.org/data/2.5/weather?appid=25bc90a1196e6f153eece0bc0b0fc9eb&units=imperial&q=sola
371,bulgan,http://api.openweathermap.org/data/2.5/weather?appid=25bc90a1196e6f153eece0bc0b0fc9eb&units=imperial&q=bulgan
372,karratha,http://api.openweathermap.org/data/2.5/weather?appid=25bc90a1196e6f153eece0bc0b0fc9eb&units=imperial&q=karratha
373,kjollefjord,http://api.openweathermap.org/data/2.5/weather?appid=25bc90a1196e6f153eece0bc0b0fc9eb&units=imperial&q=kjollefjord
374,carambei,http://api.openweathermap.org/data/2.5/weather?appid=25bc90a1196e6f153eece0bc0b0fc9eb&units=imperial&q=carambei
375,radhanpur,http://api.openweathermap.org/data/2.5/weather?appid=25bc90a1196e6f153eece0bc0b0fc9eb&units=imperial&q=radhanpur
376,wanning,http://api.openweathermap.org/data/2.5/weather?appid=25bc90a1196e6f153eece0bc0b0fc9eb&units=imperial&q=wanning
377,vila velha,http://api.openweathermap.org/data/2.5/weather?appid=25bc90a1196e6f153eece0bc0b0fc9eb&units=imperial&q=vila velha
378,presidencia roque saenz pena,http://api.openweathermap.org/data/2.5/weather?appid=25bc90a1196e6f153eece0bc0b0fc9eb&units=imperial&q=presidencia roque saenz pena
379,jiuquan,http://api.openweathermap.org/data/2.5/weather?appid=25bc90a1196e6f153eece0bc0b0fc9eb&units=imperial&q=jiuquan
380,kokopo,http://api.openweathermap.org/data/2.5/weather?appid=25bc90a1196e6f153eece0bc0b0fc9eb&units=imperial&q=kokopo
381,husavik,http://api.openweathermap.org/data/2.5/weather?appid=25bc90a1196e6f153eece0bc0b0fc9eb&units=imperial&q=husavik
382,port macquarie,http://api.openweathermap.org/data/2.5/weather?appid=25bc90a1196e6f153eece0bc0b0fc9eb&units=imperial&q=port macquarie
383,boo,http://api.openweathermap.org/data/2.5/weather?appid=25bc90a1196e6f153eece0bc0b0fc9eb&units=imperial&q=boo
384,severo-yeniseyskiy,http://api.openweathermap.org/data/2.5/weather?appid=25bc90a1196e6f153eece0bc0b0fc9eb&units=imperial&q=severo-yeniseyskiy
385,nehe,http://api.openweathermap.org/data/2.5/weather?appid=25bc90a1196e6f153eece0bc0b0fc9eb&units=imperial&q=nehe
386,tambun,http://api.openweathermap.org/data/2.5/weather?appid=25bc90a1196e6f153eece0bc0b0fc9eb&units=imperial&q=tambun
387,nicoya,http://api.openweathermap.org/data/2.5/weather?appid=25bc90a1196e6f153eece0bc0b0fc9eb&units=imperial&q=nicoya
388,hornepayne,http://api.openweathermap.org/data/2.5/weather?appid=25bc90a1196e6f153eece0bc0b0fc9eb&units=imperial&q=hornepayne
389,kursenai,http://api.openweathermap.org/data/2.5/weather?appid=25bc90a1196e6f153eece0bc0b0fc9eb&units=imperial&q=kursenai
390,bathsheba,http://api.openweathermap.org/data/2.5/weather?appid=25bc90a1196e6f153eece0bc0b0fc9eb&units=imperial&q=bathsheba
391,wawa,http://api.openweathermap.org/data/2.5/weather?appid=25bc90a1196e6f153eece0bc0b0fc9eb&units=imperial&q=wawa
392,lata,http://api.openweathermap.org/data/2.5/weather?appid=25bc90a1196e6f153eece0bc0b0fc9eb&units=imperial&q=lata
393,libreville,http://api.openweathermap.org/data/2.5/weather?appid=25bc90a1196e6f153eece0bc0b0fc9eb&units=imperial&q=libreville
394,xuddur,http://api.openweathermap.org/data/2.5/weather?appid=25bc90a1196e6f153eece0bc0b0fc9eb&units=imperial&q=xuddur
395,bjornevatn,http://api.openweathermap.org/data/2.5/weather?appid=25bc90a1196e6f153eece0bc0b0fc9eb&units=imperial&q=bjornevatn
396,badiraguato,http://api.openweathermap.org/data/2.5/weather?appid=25bc90a1196e6f153eece0bc0b0fc9eb&units=imperial&q=badiraguato
397,krasnaya gora,http://api.openweathermap.org/data/2.5/weather?appid=25bc90a1196e6f153eece0bc0b0fc9eb&units=imperial&q=krasnaya gora
398,gamba,http://api.openweathermap.org/data/2.5/weather?appid=25bc90a1196e6f153eece0bc0b0fc9eb&units=imperial&q=gamba
399,salalah,http://api.openweathermap.org/data/2.5/weather?appid=25bc90a1196e6f153eece0bc0b0fc9eb&units=imperial&q=salalah
400,dingle,http://api.openweathermap.org/data/2.5/weather?appid=25bc90a1196e6f153eece0bc0b0fc9eb&units=imperial&q=dingle
401,gimli,http://api.openweathermap.org/data/2.5/weather?appid=25bc90a1196e6f153eece0bc0b0fc9eb&units=imperial&q=gimli
402,tocopilla,http://api.openweathermap.org/data/2.5/weather?appid=25bc90a1196e6f153eece0bc0b0fc9eb&units=imperial&q=tocopilla
403,comodoro rivadavia,http://api.openweathermap.org/data/2.5/weather?appid=25bc90a1196e6f153eece0bc0b0fc9eb&units=imperial&q=comodoro rivadavia
404,vila,http://api.openweathermap.org/data/2.5/weather?appid=25bc90a1196e6f153eece0bc0b0fc9eb&units=imperial&q=vila
405,innisfail,http://api.openweathermap.org/data/2.5/weather?appid=25bc90a1196e6f153eece0bc0b0fc9eb&units=imperial&q=innisfail
406,coquimbo,http://api.openweathermap.org/data/2.5/weather?appid=25bc90a1196e6f153eece0bc0b0fc9eb&units=imperial&q=coquimbo
407,morgan city,http://api.openweathermap.org/data/2.5/weather?appid=25bc90a1196e6f153eece0bc0b0fc9eb&units=imperial&q=morgan city
408,leningradskiy,http://api.openweathermap.org/data/2.5/weather?appid=25bc90a1196e6f153eece0bc0b0fc9eb&units=imperial&q=leningradskiy
409,beatrice,http://api.openweathermap.org/data/2.5/weather?appid=25bc90a1196e6f153eece0bc0b0fc9eb&units=imperial&q=beatrice
410,springdale,http://api.openweathermap.org/data/2.5/weather?appid=25bc90a1196e6f153eece0bc0b0fc9eb&units=imperial&q=springdale
411,tete,http://api.openweathermap.org/data/2.5/weather?appid=25bc90a1196e6f153eece0bc0b0fc9eb&units=imperial&q=tete
412,ternate,http://api.openweathermap.org/data/2.5/weather?appid=25bc90a1196e6f153eece0bc0b0fc9eb&units=imperial&q=ternate
413,mitsamiouli,http://api.openweathermap.org/data/2.5/weather?appid=25bc90a1196e6f153eece0bc0b0fc9eb&units=imperial&q=mitsamiouli
414,dwarka,http://api.openweathermap.org/data/2.5/weather?appid=25bc90a1196e6f153eece0bc0b0fc9eb&units=imperial&q=dwarka
415,tiassale,http://api.openweathermap.org/data/2.5/weather?appid=25bc90a1196e6f153eece0bc0b0fc9eb&units=imperial&q=tiassale
416,jaciara,http://api.openweathermap.org/data/2.5/weather?appid=25bc90a1196e6f153eece0bc0b0fc9eb&units=imperial&q=jaciara
417,khrebtovaya,http://api.openweathermap.org/data/2.5/weather?appid=25bc90a1196e6f153eece0bc0b0fc9eb&units=imperial&q=khrebtovaya
418,umm lajj,http://api.openweathermap.org/data/2.5/weather?appid=25bc90a1196e6f153eece0bc0b0fc9eb&units=imperial&q=umm lajj
419,mahuva,http://api.openweathermap.org/data/2.5/weather?appid=25bc90a1196e6f153eece0bc0b0fc9eb&units=imperial&q=mahuva
420,katobu,http://api.openweathermap.org/data/2.5/weather?appid=25bc90a1196e6f153eece0bc0b0fc9eb&units=imperial&q=katobu
421,yakeshi,http://api.openweathermap.org/data/2.5/weather?appid=25bc90a1196e6f153eece0bc0b0fc9eb&units=imperial&q=yakeshi
422,proletarskiy,http://api.openweathermap.org/data/2.5/weather?appid=25bc90a1196e6f153eece0bc0b0fc9eb&units=imperial&q=proletarskiy
423,carutapera,http://api.openweathermap.org/data/2.5/weather?appid=25bc90a1196e6f153eece0bc0b0fc9eb&units=imperial&q=carutapera
424,gambela,http://api.openweathermap.org/data/2.5/weather?appid=25bc90a1196e6f153eece0bc0b0fc9eb&units=imperial&q=gambela
425,lasa,http://api.openweathermap.org/data/2.5/weather?appid=25bc90a1196e6f153eece0bc0b0fc9eb&units=imperial&q=lasa
426,luebo,http://api.openweathermap.org/data/2.5/weather?appid=25bc90a1196e6f153eece0bc0b0fc9eb&units=imperial&q=luebo
427,nova venecia,http://api.openweathermap.org/data/2.5/weather?appid=25bc90a1196e6f153eece0bc0b0fc9eb&units=imperial&q=nova venecia
428,surovatikha,http://api.openweathermap.org/data/2.5/weather?appid=25bc90a1196e6f153eece0bc0b0fc9eb&units=imperial&q=surovatikha
429,iranshahr,http://api.openweathermap.org/data/2.5/weather?appid=25bc90a1196e6f153eece0bc0b0fc9eb&units=imperial&q=iranshahr
430,maragogi,http://api.openweathermap.org/data/2.5/weather?appid=25bc90a1196e6f153eece0bc0b0fc9eb&units=imperial&q=maragogi
431,solwezi,http://api.openweathermap.org/data/2.5/weather?appid=25bc90a1196e6f153eece0bc0b0fc9eb&units=imperial&q=solwezi
432,san quintin,http://api.openweathermap.org/data/2.5/weather?appid=25bc90a1196e6f153eece0bc0b0fc9eb&units=imperial&q=san quintin
433,rantoul,http://api.openweathermap.org/data/2.5/weather?appid=25bc90a1196e6f153eece0bc0b0fc9eb&units=imperial&q=rantoul
434,mayumba,http://api.openweathermap.org/data/2.5/weather?appid=25bc90a1196e6f153eece0bc0b0fc9eb&units=imperial&q=mayumba
435,weihe,http://api.openweathermap.org/data/2.5/weather?appid=25bc90a1196e6f153eece0bc0b0fc9eb&units=imperial&q=weihe
436,belyy yar,http://api.openweathermap.org/data/2.5/weather?appid=25bc90a1196e6f153eece0bc0b0fc9eb&units=imperial&q=belyy yar
437,mahajanga,http://api.openweathermap.org/data/2.5/weather?appid=25bc90a1196e6f153eece0bc0b0fc9eb&units=imperial&q=mahajanga
438,araouane,http://api.openweathermap.org/data/2.5/weather?appid=25bc90a1196e6f153eece0bc0b0fc9eb&units=imperial&q=araouane
439,hamilton,http://api.openweathermap.org/data/2.5/weather?appid=25bc90a1196e6f153eece0bc0b0fc9eb&units=imperial&q=hamilton
440,saint-pierre,http://api.openweathermap.org/data/2.5/weather?appid=25bc90a1196e6f153eece0bc0b0fc9eb&units=imperial&q=saint-pierre
441,tigzirt,http://api.openweathermap.org/data/2.5/weather?appid=25bc90a1196e6f153eece0bc0b0fc9eb&units=imperial&q=tigzirt
442,lubartow,http://api.openweathermap.org/data/2.5/weather?appid=25bc90a1196e6f153eece0bc0b0fc9eb&units=imperial&q=lubartow
443,jalpaiguri,http://api.openweathermap.org/data/2.5/weather?appid=25bc90a1196e6f153eece0bc0b0fc9eb&units=imperial&q=jalpaiguri
444,beringovskiy,http://api.openweathermap.org/data/2.5/weather?appid=25bc90a1196e6f153eece0bc0b0fc9eb&units=imperial&q=beringovskiy
445,zhoucheng,http://api.openweathermap.org/data/2.5/weather?appid=25bc90a1196e6f153eece0bc0b0fc9eb&units=imperial&q=zhoucheng
446,camapua,http://api.openweathermap.org/data/2.5/weather?appid=25bc90a1196e6f153eece0bc0b0fc9eb&units=imperial&q=camapua
447,willowmore,http://api.openweathermap.org/data/2.5/weather?appid=25bc90a1196e6f153eece0bc0b0fc9eb&units=imperial&q=willowmore
448,san cristobal,http://api.openweathermap.org/data/2.5/weather?appid=25bc90a1196e6f153eece0bc0b0fc9eb&units=imperial&q=san cristobal
449,te anau,http://api.openweathermap.org/data/2.5/weather?appid=25bc90a1196e6f153eece0bc0b0fc9eb&units=imperial&q=te anau
450,fort pierce,http://api.openweathermap.org/data/2.5/weather?appid=25bc90a1196e6f153eece0bc0b0fc9eb&units=imperial&q=fort pierce
451,taywarah,http://api.openweathermap.org/data/2.5/weather?appid=25bc90a1196e6f153eece0bc0b0fc9eb&units=imperial&q=taywarah
452,kavieng,http://api.openweathermap.org/data/2.5/weather?appid=25bc90a1196e6f153eece0bc0b0fc9eb&units=imperial&q=kavieng
453,ilulissat,http://api.openweathermap.org/data/2.5/weather?appid=25bc90a1196e6f153eece0bc0b0fc9eb&units=imperial&q=ilulissat
454,boizenburg,http://api.openweathermap.org/data/2.5/weather?appid=25bc90a1196e6f153eece0bc0b0fc9eb&units=imperial&q=boizenburg
455,jalu,http://api.openweathermap.org/data/2.5/weather?appid=25bc90a1196e6f153eece0bc0b0fc9eb&units=imperial&q=jalu
456,oktyabrskoye,http://api.openweathermap.org/data/2.5/weather?appid=25bc90a1196e6f153eece0bc0b0fc9eb&units=imperial&q=oktyabrskoye
457,mendi,http://api.openweathermap.org/data/2.5/weather?appid=25bc90a1196e6f153eece0bc0b0fc9eb&units=imperial&q=mendi
458,elbeuf,http://api.openweathermap.org/data/2.5/weather?appid=25bc90a1196e6f153eece0bc0b0fc9eb&units=imperial&q=elbeuf
459,vanimo,http://api.openweathermap.org/data/2.5/weather?appid=25bc90a1196e6f153eece0bc0b0fc9eb&units=imperial&q=vanimo
460,meulaboh,http://api.openweathermap.org/data/2.5/weather?appid=25bc90a1196e6f153eece0bc0b0fc9eb&units=imperial&q=meulaboh
461,sitka,http://api.openweathermap.org/data/2.5/weather?appid=25bc90a1196e6f153eece0bc0b0fc9eb&units=imperial&q=sitka
462,guerrero negro,http://api.openweathermap.org/data/2.5/weather?appid=25bc90a1196e6f153eece0bc0b0fc9eb&units=imperial&q=guerrero negro
463,normandin,http://api.openweathermap.org/data/2.5/weather?appid=25bc90a1196e6f153eece0bc0b0fc9eb&units=imperial&q=normandin
464,yebaishou,http://api.openweathermap.org/data/2.5/weather?appid=25bc90a1196e6f153eece0bc0b0fc9eb&units=imperial&q=yebaishou
465,yaan,http://api.openweathermap.org/data/2.5/weather?appid=25bc90a1196e6f153eece0bc0b0fc9eb&units=imperial&q=yaan
466,balkanabat,http://api.openweathermap.org/data/2.5/weather?appid=25bc90a1196e6f153eece0bc0b0fc9eb&units=imperial&q=balkanabat
467,laguna de perlas,http://api.openweathermap.org/data/2.5/weather?appid=25bc90a1196e6f153eece0bc0b0fc9eb&units=imperial&q=laguna de perlas
468,angatuba,http://api.openweathermap.org/data/2.5/weather?appid=25bc90a1196e6f153eece0bc0b0fc9eb&units=imperial&q=angatuba
469,skibbereen,http://api.openweathermap.org/data/2.5/weather?appid=25bc90a1196e6f153eece0bc0b0fc9eb&units=imperial&q=skibbereen
470,chivasso,http://api.openweathermap.org/data/2.5/weather?appid=25bc90a1196e6f153eece0bc0b0fc9eb&units=imperial&q=chivasso
471,port hardy,http://api.openweathermap.org/data/2.5/weather?appid=25bc90a1196e6f153eece0bc0b0fc9eb&units=imperial&q=port hardy
472,shakiso,http://api.openweathermap.org/data/2.5/weather?appid=25bc90a1196e6f153eece0bc0b0fc9eb&units=imperial&q=shakiso
473,miri,http://api.openweathermap.org/data/2.5/weather?appid=25bc90a1196e6f153eece0bc0b0fc9eb&units=imperial&q=miri
474,simao,http://api.openweathermap.org/data/2.5/weather?appid=25bc90a1196e6f153eece0bc0b0fc9eb&units=imperial&q=simao
475,taoudenni,http://api.openweathermap.org/data/2.5/weather?appid=25bc90a1196e6f153eece0bc0b0fc9eb&units=imperial&q=taoudenni
476,arman,http://api.openweathermap.org/data/2.5/weather?appid=25bc90a1196e6f153eece0bc0b0fc9eb&units=imperial&q=arman
477,middletown,http://api.openweathermap.org/data/2.5/weather?appid=25bc90a1196e6f153eece0bc0b0fc9eb&units=imperial&q=middletown
478,maniitsoq,http://api.openweathermap.org/data/2.5/weather?appid=25bc90a1196e6f153eece0bc0b0fc9eb&units=imperial&q=maniitsoq
479,la palma,http://api.openweathermap.org/data/2.5/weather?appid=25bc90a1196e6f153eece0bc0b0fc9eb&units=imperial&q=la palma
480,pombas,http://api.openweathermap.org/data/2.5/weather?appid=25bc90a1196e6f153eece0bc0b0fc9eb&units=imperial&q=pombas
481,lagdo,http://api.openweathermap.org/data/2.5/weather?appid=25bc90a1196e6f153eece0bc0b0fc9eb&units=imperial&q=lagdo
482,rognan,http://api.openweathermap.org/data/2.5/weather?appid=25bc90a1196e6f153eece0bc0b0fc9eb&units=imperial&q=rognan
483,harper,http://api.openweathermap.org/data/2.5/weather?appid=25bc90a1196e6f153eece0bc0b0fc9eb&units=imperial&q=harper
484,guatire,http://api.openweathermap.org/data/2.5/weather?appid=25bc90a1196e6f153eece0bc0b0fc9eb&units=imperial&q=guatire
485,weymouth,http://api.openweathermap.org/data/2.5/weather?appid=25bc90a1196e6f153eece0bc0b0fc9eb&units=imperial&q=weymouth
486,buraydah,http://api.openweathermap.org/data/2.5/weather?appid=25bc90a1196e6f153eece0bc0b0fc9eb&units=imperial&q=buraydah
487,pithoragarh,http://api.openweathermap.org/data/2.5/weather?appid=25bc90a1196e6f153eece0bc0b0fc9eb&units=imperial&q=pithoragarh
488,cayenne,http://api.openweathermap.org/data/2.5/weather?appid=25bc90a1196e6f153eece0bc0b0fc9eb&units=imperial&q=cayenne
489,fort frances,http://api.openweathermap.org/data/2.5/weather?appid=25bc90a1196e6f153eece0bc0b0fc9eb&units=imperial&q=fort frances
490,kropotkin,http://api.openweathermap.org/data/2.5/weather?appid=25bc90a1196e6f153eece0bc0b0fc9eb&units=imperial&q=kropotkin
491,tayzhina,http://api.openweathermap.org/data/2.5/weather?appid=25bc90a1196e6f153eece0bc0b0fc9eb&units=imperial&q=tayzhina
492,sinazongwe,http://api.openweathermap.org/data/2.5/weather?appid=25bc90a1196e6f153eece0bc0b0fc9eb&units=imperial&q=sinazongwe
493,flinders,http://api.openweathermap.org/data/2.5/weather?appid=25bc90a1196e6f153eece0bc0b0fc9eb&units=imperial&q=flinders
494,gewane,http://api.openweathermap.org/data/2.5/weather?appid=25bc90a1196e6f153eece0bc0b0fc9eb&units=imperial&q=gewane
495,faya,http://api.openweathermap.org/data/2.5/weather?appid=25bc90a1196e6f153eece0bc0b0fc9eb&units=imperial&q=faya
496,siedlce,http://api.openweathermap.org/data/2.5/weather?appid=25bc90a1196e6f153eece0bc0b0fc9eb&units=imperial&q=siedlce
497,college,http://api.openweathermap.org/data/2.5/weather?appid=25bc90a1196e6f153eece0bc0b0fc9eb&units=imperial&q=college
498,macomb,http://api.openweathermap.org/data/2.5/weather?appid=25bc90a1196e6f153eece0bc0b0fc9eb&units=imperial&q=macomb
499,kasongo,http://api.openweathermap.org/data/2.5/weather?appid=25bc90a1196e6f153eece0bc0b0fc9eb&units=imperial&q=kasongo
